Martin,1.791833333
Andreas,1.7545
Ida,1.624166667
Daniel,1.491666667
Julie,1.472666667
Ingrid,1.452833333
Jonas,1.406833333
Emilie,1.364666667
Henrik,1.357
Sander,1.341333333
Maria,1.300666667
Malin,1.282166667
Marius,1.277666667
Magnus,1.271333333
Silje,1.265833333
Thomas,1.264833333
Mathias,1.224166667
Fredrik,1.196666667
Kristian,1.153833333
Thea,1.152
Ole,1.132666667
Anna,1.111333333
Vilde,1.075833333
Simen,1.06
Sondre,1.055
Markus,1.043333333
Amalie,1.0075
Emma,1.000833333
Lars,1.000333333
Sara,0.996666667
Nora,0.9745
Adrian,0.971666667
Helene,0.970833333
Kristoffer,0.965333333
Martine,0.959166667
Andrea,0.949
Eirik,0.943666667
Tobias,0.939166667
Anders,0.923
Stian,0.9055
Jørge,0.902
Marie,0.879
Sebastian,0.8715
Frida,0.8545
Håko,0.850666667
Emil,0.850166667
Kristine,0.837333333
Camilla,0.8315
Sofie,0.825666667
Marte,0.815166667
Karoline,0.795333333
Stine,0.788333333
Sindre,0.785333333
Erik,0.780666667
Alexander,0.778
Victoria,0.7665
Benjamin,0.759666667
Marcus,0.747666667
Joakim,0.7465
Maren,0.7385
Christian,0.719166667
Oda,0.688666667
Elise,0.685666667
Hanna,0.680166667
Vegard,0.6775
Mari,0.661333333
Aleksander,0.629
Håvar,0.6155
Sandra,0.608833333
Hanne,0.608666667
Erlend,0.601833333
Hedda,0.579
Simon,0.5685
Anne,0.567
Mats,0.565166667
Even,0.557333333
Marthe,0.549833333
Caroline,0.541
Synne,0.539666667
Sunniva,0.515
Henriette,0.514666667
Petter,0.512166667
Robin,0.509333333
Mathilde,0.506833333
Jenny,0.502333333
Kristin,0.482833333
Celine,0.482333333
Espen,0.477666667
Mia,0.474833333
Elias,0.4735
Johannes,0.471833333
Tonje,0.460166667
Christoffer,0.448666667
Eline,0.446333333
Ingvild,0.4455
Charlotte,0.445166667
Morten,0.436166667
Elisabeth,0.4345
Hans,0.426166667
William,0.421333333
Kevin,0.4175
Herman,0.413333333
Sigurd,0.407666667
Ola,0.391666667
Hannah,0.388833333
Amanda,0.387833333
Johanne,0.387666667
Lisa,0.386333333
Linn,0.3845
Eivind,0.3825
Cecilie,0.382166667
Tuva,0.3705
Vetle,0.367166667
Jakob,0.367166667
Kaja,0.366666667
Maja,0.366666667
Jan,0.3655
Andre,0.356833333
Jon,0.354666667
Pernille,0.3535
Sigrid,0.3505
Sivert,0.350333333
Johan,0.349333333
Tina,0.345333333
Bjør,0.345
Rikke,0.342166667
Siri,0.342
Ingeborg,0.336833333
Isak,0.333333333
John,0.328333333
Ruben,0.327833333
Kristina,0.3255
Mina,0.3255
David,0.324166667
Ane,0.324
Solveig,0.324
Sarah,0.321666667
Aurora,0.3215
Tor,0.319666667
Nikolai,0.3185
Susanne,0.315166667
Rebekka,0.313833333
Guro,0.313666667
Malene,0.311666667
Astrid,0.303833333
Trym,0.301833333
Olav,0.3005
Tiril,0.2995
Rebecca,0.299166667
Andrine,0.2975
Joachim,0.297166667
Bendik,0.297166667
Steffen,0.295
Oliver,0.292166667
Julia,0.2885
Lene,0.285333333
Therese,0.284833333
Oskar,0.2825
Katrine,0.280166667
Mads,0.2795
Anette,0.277
Kamilla,0.274833333
Christine,0.273666667
Iselin,0.270166667
Nina,0.27
Jens,0.268
Benedicte,0.265333333
Lasse,0.265
Line,0.262666667
Jonathan,0.261333333
Per,0.2585
Kine,0.258
Miriam,0.257666667
Kim,0.256
Ragnhild,0.253833333
Jesper,0.253
Patrick,0.252833333
Mohammad,0.248833333
Karen,0.2475
Knut,0.2445
Oscar,0.244333333
Lise,0.242666667
Christina,0.240666667
Ali,0.235666667
Michael,0.234666667
Kasper,0.2345
Marianne,0.234166667
Øyvind,0.231833333
Filip,0.228166667
Lena,0.227666667
Maiken,0.225333333
Michelle,0.221
Peder,0.221
Brage,0.220666667
Karl,0.214
Anniken,0.2135
Heidi,0.213
Mikael,0.2125
Marita,0.211
Jacob,0.209
Preben,0.208833333
Ine,0.208666667
Haakon,0.208666667
Tommy,0.207166667
Trine,0.204833333
Elin,0.204
Eirin,0.202333333
Philip,0.202166667
Alexandra,0.202
Nicolai,0.200333333
Vebjør,0.200333333
Ina,0.198833333
Dennis,0.1985
Niklas,0.198166667
Ronja,0.197333333
Marit,0.196666667
Madelen,0.195833333
Peter,0.194833333
Kenneth,0.194
Selma,0.1925
Odin,0.190666667
Natalie,0.190333333
Einar,0.189166667
Pia,0.189
Eskil,0.188833333
Mohamed,0.188833333
Øystein,0.188333333
Victor,0.187833333
Renate,0.184
Anja,0.183166667
Cathrine,0.181666667
Ellen,0.1805
Helena,0.1805
Dina,0.180166667
Madeleine,0.179333333
Veronica,0.178666667
Hilde,0.178333333
Truls,0.178166667
Karina,0.176
Mikkel,0.176
Harald,0.175833333
Bjørna,0.174333333
June,0.173833333
Lea,0.173166667
Christopher,0.172833333
Benedikte,0.172333333
Jostein,0.172166667
Tom,0.171166667
Edvard,0.170833333
Lina,0.169666667
Linda,0.169166667
Aksel,0.168833333
Robert,0.168333333
Henning,0.166833333
Amund,0.166
Nils,0.165666667
Endre,0.1655
Ulrik,0.164
Celina,0.163333333
Gabriel,0.1625
Linnea,0.1625
Josefine,0.16
August,0.159333333
Kjetil,0.157666667
Mohammed,0.1575
Julian,0.157
Carl,0.157
Ørjan,0.157
Helle,0.152333333
Matias,0.15
Signe,0.148833333
Liv,0.1485
Viktoria,0.148
Ahmed,0.146666667
Viktor,0.1465
Mona,0.1435
Sverre,0.1435
Runar,0.141166667
Inger,0.141
Eva,0.140333333
Iver,0.140166667
Nathalie,0.14
Ann,0.139166667
Karianne,0.138833333
Arne,0.138666667
Synnøv,0.138
Live,0.137
Torbjør,0.136833333
Tora,0.136166667
Torstein,0.1345
Kari,0.132833333
På,0.132833333
Mariell,0.1325
Tomas,0.132333333
Trygve,0.131666667
Ådne,0.130833333
Lotte,0.129166667
Emily,0.129
Hege,0.127833333
Tord,0.1275
Anita,0.125833333
Gina,0.1235
Johanna,0.1235
Didrik,0.123333333
Erling,0.122833333
Casper,0.122666667
Lukas,0.122333333
Samuel,0.122166667
Halvor,0.1215
Aleksandra,0.121
Ylva,0.120833333
Rasmus,0.1205
Carina,0.1195
Theodor,0.119333333
Isabel,0.118833333
Ivar,0.118833333
Gard,0.118
Matilde,0.117333333
Tore,0.117333333
Fabian,0.114
Audun,0.113666667
Birgitte,0.113166667
Louise,0.113166667
Regine,0.112
Inga,0.1115
Ahmad,0.110833333
Mathea,0.110333333
Axel,0.110333333
Tone,0.109166667
Kathrine,0.107833333
Odd,0.107666667
Lone,0.107333333
Janne,0.1055
Erika,0.105166667
Ada,0.104833333
Birk,0.104666667
Felix,0.104666667
Adam,0.104166667
Marlene,0.1035
Vemund,0.103166667
Gaute,0.103
Margrethe,0.102333333
Natalia,0.102333333
Katarina,0.102333333
Sigve,0.102166667
Sofia,0.101833333
Stina,0.101166667
Anine,0.101166667
Kjersti,0.101166667
Laura,0.101
Svein,0.100666667
Snorre,0.1005
Kaia,0.099666667
Chris,0.099166667
Richard,0.0985
Sanne,0.0985
Aina,0.098
Ella,0.097666667
Jonatan,0.097166667
Ludvig,0.097
Christer,0.095
Sophie,0.094166667
Elena,0.094166667
Georg,0.094
Jeanette,0.092833333
Tim,0.092
Stefan,0.0905
Mohamad,0.090333333
Rune,0.089666667
Noah,0.088166667
Kjell,0.087166667
Glenn,0.0865
Torjus,0.086333333
Leon,0.086166667
Melissa,0.0855
Aron,0.085333333
Nicholas,0.085333333
Embla,0.083333333
Paul,0.083166667
Gustav,0.082666667
Fatima,0.0825
Trond,0.0825
Nadia,0.082
Thor,0.082
Remi,0.0815
Monica,0.081333333
Åsmund,0.081166667
Rakel,0.081
Sanna,0.081
Max,0.079833333
Annika,0.0795
Susann,0.0795
Karolina,0.079333333
Lucas,0.079
Vegar,0.079
Hallvard,0.0785
Steinar,0.0785
Vanja,0.078
Jakub,0.077833333
Agnes,0.077333333
Tony,0.076666667
Julianne,0.076333333
Veronika,0.075833333
Omar,0.0745
Hassan,0.074
Marta,0.0735
Mette,0.073166667
Isabell,0.073
Maya,0.072666667
May,0.072333333
Emilia,0.072166667
Nicolay,0.071833333
Mikal,0.071166667
Juni,0.070833333
Thale,0.070333333
Leif,0.07
Ask,0.069666667
Mustafa,0.069666667
Ulrikke,0.0695
Ibrahim,0.0695
Jo,0.0695
Åshild,0.069333333
Isabella,0.069166667
Vanessa,0.069
Patrik,0.068833333
Asbjør,0.068666667
Anton,0.0685
Brede,0.068166667
Atle,0.067833333
Maia,0.0675
Marion,0.0675
Magne,0.0675
Olivia,0.067166667
Gunnar,0.066666667
Eric,0.066333333
Sina,0.066
Kristiane,0.065833333
Helen,0.065333333
Jarle,0.065333333
Beate,0.065166667
Iris,0.065166667
Runa,0.065166667
Amina,0.065
Dag,0.064666667
Marielle,0.0645
Oline,0.0645
Isabelle,0.064333333
Åse,0.064333333
Martha,0.064
Alf,0.063833333
Abdul,0.063666667
Monika,0.063666667
Rolf,0.063666667
Aslak,0.0635
Mateusz,0.063333333
Fanny,0.063
Bår,0.062833333
Trude,0.062666667
Paulina,0.062666667
Ingunn,0.0625
Klaudia,0.062333333
Geir,0.062166667
Hamza,0.061666667
Ivan,0.0615
Stig,0.061333333
Alice,0.061166667
Elida,0.061
Sjur,0.061
Mattias,0.060833333
Diana,0.060666667
Erica,0.0605
Irene,0.060166667
Eli,0.060166667
Hedvig,0.06
Tarjei,0.059833333
Jannicke,0.0595
Nicolas,0.059166667
Are,0.059
Mariam,0.059
Dawid,0.0585
Aisha,0.058333333
Karine,0.058166667
Marina,0.058166667
Leo,0.058166667
Michal,0.057666667
Albert,0.0575
Dan,0.057166667
Abdirahman,0.057
Muhammad,0.057
Lovise,0.056666667
Teodor,0.056666667
Bettina,0.0565
Vibeke,0.056333333
Tine,0.056166667
Jone,0.055833333
Krister,0.055833333
Juliane,0.055166667
Heine,0.055166667
Frank,0.055
Kent,0.055
Ludvik,0.054833333
Fride,0.054333333
Lillian,0.054333333
Hermann,0.053333333
Randi,0.053333333
Mariann,0.052833333
Vidar,0.052833333
Cornelia,0.0525
Tea,0.052333333
Nicklas,0.052
Arild,0.052
Helge,0.051833333
Iben,0.051666667
Sol,0.0515
Margrete,0.0515
Leander,0.051333333
Joar,0.051166667
Ruth,0.051166667
Brian,0.051166667
Angelica,0.051
Terje,0.051
Kacper,0.050833333
Viljar,0.050833333
Mille,0.050666667
Halvard,0.050666667
Eira,0.0505
Elisa,0.0505
Wiktoria,0.0505
Siv,0.050333333
Yasmin,0.050166667
Tormod,0.050166667
Pauline,0.05
Amir,0.049666667
Kamil,0.0495
Elina,0.049
Karin,0.049
Adele,0.048833333
Dorthe,0.048833333
Abdullah,0.048833333
Leah,0.048666667
Cecilia,0.0485
Magdalena,0.048333333
Bilal,0.048333333
Yvonne,0.048166667
Sean,0.048166667
Patryk,0.048166667
Jessica,0.048
Karsten,0.047666667
Erle,0.047333333
Rebecka,0.047333333
Sigbjør,0.047166667
Katharina,0.047
Roy,0.047
Tara,0.046833333
Ana,0.046833333
Edvin,0.0465
Jør,0.0465
Selina,0.046333333
Stein,0.045833333
Gjermund,0.0455
Hussein,0.0455
Cassandra,0.045
Tomine,0.045
Torgeir,0.045
Tale,0.044833333
Kai,0.044666667
Ingebjør,0.0445
Alida,0.044333333
Ellinor,0.043833333
Jøra,0.043666667
Laila,0.0435
Konrad,0.0435
Mie,0.043333333
Simone,0.043333333
Jasmin,0.043166667
Jennifer,0.043166667
Kaisa,0.043
Zahra,0.042833333
Egil,0.042833333
Christiane,0.042666667
Mali,0.042666667
Arthur,0.042666667
Åsne,0.0425
Alex,0.0425
Nicole,0.042166667
Siren,0.042166667
Sven,0.042166667
Rene,0.042
Annette,0.041833333
Idunn,0.041833333
Jeanett,0.041666667
Frederik,0.041666667
Phillip,0.041666667
Paula,0.0415
Vera,0.0415
Mattis,0.0415
Morgan,0.041
Sonja,0.040666667
Ismail,0.040666667
Idun,0.040666667
Marthine,0.040666667
Tage,0.040666667
Torje,0.0405
Weronika,0.040333333
Wilhelm,0.040333333
Una,0.040166667
Merete,0.040166667
Mira,0.040166667
Finn,0.040166667
Marco,0.04
Ole-Martin,0.04
Cato,0.039833333
Iman,0.039666667
Maryam,0.0395
Scott,0.0395
Margit,0.039166667
Alina,0.039
Ken,0.038833333
Annie,0.038666667
Abdullahi,0.038666667
Nikoline,0.0385
Damian,0.038333333
Serine,0.038166667
Joacim,0.038
Sveinung,0.038
Syver,0.038
Nikolas,0.037833333
Terese,0.037833333
Mariel,0.037666667
Ragna,0.037666667
Veslemø,0.0375
Greta,0.037333333
Klara,0.037333333
Brynjar,0.037333333
Kjartan,0.037333333
Fredrikke,0.037333333
Amal,0.037166667
Astri,0.037166667
Tanja,0.037166667
Rachel,0.037
Ferdinand,0.037
Liam,0.037
Gunhild,0.036833333
Lilly,0.036833333
Børg,0.036833333
Sabrina,0.0365
Johnny,0.036333333
Alma,0.036166667
Frode,0.036166667
Gøra,0.036166667
Henry,0.036166667
Håva,0.036
Madelene,0.036
Katinka,0.035833333
Eskild,0.035833333
Mahmoud,0.035666667
Vivian,0.0355
Joshua,0.035333333
Patrycja,0.035166667
Alfred,0.035166667
Våri,0.035
Sigmund,0.035
Rita,0.034833333
Carmen,0.034666667
Sophia,0.034666667
Nanna,0.034666667
Bror,0.0345
Mai,0.034333333
Edward,0.034333333
Dominik,0.034
Bastian,0.034
Anneli,0.033333333
Theo,0.033166667
Berit,0.033
Gabriela,0.033
Jim,0.033
Jarl,0.033
Raymond,0.032666667
Maud,0.032666667
Alva,0.0325
Angelika,0.0325
Dominika,0.0325
Joel,0.0325
Julius,0.0325
Jarand,0.0325
Njå,0.032
Reidar,0.032
Marlen,0.031833333
Tyra,0.031833333
Roger,0.031833333
Aida,0.031666667
Elizabeth,0.031666667
Kajsa,0.031666667
Nicoline,0.031666667
Maximilian,0.031666667
Catharina,0.0315
Daria,0.0315
Naomi,0.0315
Fredrick,0.0315
Asgeir,0.031333333
Nathaniel,0.031166667
Vincent,0.031166667
Ingvill,0.031166667
Mary,0.031
Seline,0.031
Rikard,0.031
Bente,0.030833333
Gabriele,0.030833333
Khalid,0.030833333
Leonard,0.030666667
Clara,0.0305
Henrikke,0.0305
Pawel,0.0305
Zainab,0.030333333
Josef,0.030166667
Katarzyna,0.030166667
Inge,0.03
Ayan,0.03
Amin,0.03
Said,0.03
Esther,0.029833333
Jorunn,0.029833333
Adnan,0.029666667
Siril,0.029666667
Gunn,0.029333333
Abel,0.029333333
Stephanie,0.029166667
Olve,0.029166667
Alise,0.029
Theresa,0.029
Ramona,0.029
Irmelin,0.028833333
Jane,0.028833333
Ronny,0.028833333
Szymon,0.028833333
Ingri,0.028666667
Bjarte,0.0285
Piotr,0.028333333
Anastasia,0.028333333
Tilde,0.028333333
Bjarne,0.028166667
Johann,0.028
Niclas,0.028
Katja,0.028
Idar,0.027833333
Else,0.027833333
Helga,0.027666667
Ingelin,0.027666667
Ester,0.0275
Elisabet,0.0275
Samira,0.0275
Betina,0.027333333
Natasha,0.027333333
Alan,0.027333333
Ove,0.027333333
Antonio,0.027333333
Emelie,0.027166667
Lisbeth,0.027166667
Yngve,0.027166667
Lydia,0.027
Maciej,0.027
Stål,0.026833333
Robel,0.026833333
James,0.0265
Amy,0.026333333
Susanna,0.026333333
Ragnar,0.026333333
Daniela,0.026166667
Hasan,0.026166667
Oliwia,0.026
Aya,0.026
Edel,0.026
Merethe,0.025833333
Birger,0.025833333
Mahamed,0.025833333
Sølv,0.025666667
Torkel,0.025666667
Jannike,0.0255
Jimmy,0.0255
Tirill,0.025333333
Hauk,0.025333333
Birgit,0.025166667
Magnhild,0.025166667
Vå,0.025166667
Ian,0.025166667
Arnt,0.025
Ingerid,0.025
Arvid,0.025
Krystian,0.025
Olaf,0.025
Eileen,0.024833333
Frøy,0.024833333
Kirsten,0.024833333
Arian,0.024833333
Bernhard,0.024666667
Birte,0.024666667
Malena,0.024666667
Josephine,0.0245
Jardar,0.0245
Dorthea,0.024333333
Gabrielle,0.024333333
Lill,0.024333333
Martyna,0.024333333
Naima,0.024333333
Magnar,0.024333333
Sana,0.024166667
Jack,0.024
Tove,0.023833333
Guri,0.023833333
Bernt,0.023833333
Ole-Kristian,0.023833333
Bjør,0.0235
Fatma,0.0235
Linea,0.0235
Mark,0.0235
Levi,0.0235
Amelia,0.023333333
Yasin,0.023333333
Agnete,0.023166667
Khadija,0.023166667
Martina,0.023166667
Sahra,0.023166667
Yusuf,0.023166667
Muhammed,0.023166667
Erland,0.023
Linus,0.023
Remy,0.023
Luna,0.022833333
Mostafa,0.022833333
Lara,0.022666667
Milla,0.022666667
Bartosz,0.022666667
Gry,0.022666667
Fadumo,0.0225
Kim,0.0225
Kirsti,0.0225
Osman,0.0225
Alvilde,0.022333333
Beatrice,0.022333333
Hugo,0.022333333
Øivind,0.022333333
Ariel,0.022166667
Grethe,0.022166667
Abdi,0.022166667
Olai,0.022166667
Iqra,0.022166667
Torgrim,0.022166667
Noor,0.022
Kinga,0.022
Petra,0.021833333
Ayla,0.021666667
Evelyn,0.021666667
Sine,0.021666667
Emre,0.021666667
Gro,0.0215
Olga,0.0215
Kim-Andre,0.0215
Sam,0.0215
Connie,0.021333333
Ebba,0.021333333
Hana,0.021333333
Serina,0.021333333
Jørun,0.021333333
Steven,0.021333333
Bertine,0.021166667
Daniella,0.021166667
Kamila,0.021166667
Leila,0.021166667
Kenny,0.021166667
Severin,0.021166667
Sturla,0.021166667
Desiree,0.021
Judith,0.021
Nadja,0.021
Anisa,0.020833333
Kathinka,0.020833333
Stella,0.020833333
Zakaria,0.020833333
Bianca,0.020666667
Grete,0.020666667
Silja,0.020666667
Oddbjør,0.020666667
Otto,0.020666667
Brita,0.0205
Elen,0.0205
Milena,0.0205
Juan,0.020333333
Liva,0.020166667
Kår,0.020166667
Tarald,0.020166667
Sissel,0.02
Anas,0.02
Kornelia,0.019833333
Matthew,0.019833333
Melina,0.019833333
Salma,0.019833333
Arman,0.019833333
Sami,0.019833333
Cornelius,0.019666667
Usman,0.019666667
Mahad,0.019666667
Birthe,0.0195
Lotta,0.0195
Åsa,0.0195
Asle,0.0195
Emanuel,0.0195
Liban,0.0195
Mehdi,0.019333333
Bo,0.019166667
Lars-Erik,0.019166667
Oddvar,0.019166667
Muna,0.019166667
Solfrid,0.019166667
Carolina,0.019
Hafsa,0.019
Sigrun,0.019
Torunn,0.019
Fridtjof,0.019
Isac,0.019
Marko,0.019
Martinus,0.019
Ottar,0.018833333
Leonora,0.018833333
Nikola,0.018833333
Thorbjør,0.018833333
Denis,0.018833333
Irina,0.018666667
Jasmine,0.018666667
Elsa,0.0185
Roar,0.0185
Tristan,0.0185
Ben,0.018333333
Felicia,0.018333333
Agata,0.018166667
Sabina,0.018166667
Kyrre,0.018166667
Armin,0.018
Nikolay,0.018
Youssef,0.018
Anthony,0.018
Haris,0.018
Jennie,0.017666667
Joanna,0.017666667
Simona,0.017666667
Vilja,0.017666667
Isaac,0.017666667
Joseph,0.017666667
Tamara,0.0175
Jeppe,0.0175
Miranda,0.0175
Najma,0.0175
Khaled,0.0175
Mario,0.0175
Luis,0.017333333
Samir,0.017333333
Balder,0.017333333
Syed,0.017333333
Ailin,0.017166667
Ines,0.017166667
Une,0.017166667
Valentina,0.017166667
Aslaug,0.017
Gabriella,0.017
Lana,0.017
Patricia,0.017
Lukasz,0.016833333
Fred,0.016833333
Jose,0.016833333
Henny,0.016666667
Martinius,0.016666667
Yousef,0.016666667
Tanya,0.0165
Dani,0.0165
Hubert,0.0165
Evelina,0.0165
Sonia,0.0165
Agnethe,0.016333333
Sumaya,0.016333333
Lauritz,0.016333333
Yonas,0.016333333
Alicja,0.016
Amna,0.016
Asma,0.016
Claudia,0.016
Gøri,0.016
Melinda,0.016
Mirjam,0.016
Siw,0.016
Andrew,0.016
Ingar,0.016
Nadine,0.015833333
Rose,0.015833333
Thi,0.015833333
Artur,0.015833333
Arve,0.015833333
Mahdi,0.015833333
Eliza,0.015666667
Aaron,0.015666667
Bartlomiej,0.015666667
Kennet,0.015666667
Mantas,0.015666667
Adriana,0.0155
Amira,0.0155
Angela,0.0155
Borghild,0.0155
Ivana,0.0155
Maryan,0.0155
Reidun,0.0155
Zara,0.0155
My,0.015333333
Kristi,0.015333333
Wilma,0.015333333
Jean,0.015166667
Alette,0.015166667
Zuzanna,0.015166667
Nancy,0.015
Turid,0.015
Frøydi,0.014833333
Gunnhild,0.014833333
Suzanne,0.014833333
Loke,0.014833333
Ravn,0.014833333
Elvira,0.014666667
Thorvald,0.014666667
Torben,0.014666667
Jana,0.0145
Ninni,0.0145
Hodan,0.0145
George,0.0145
Laurits,0.0145
Matthias,0.0145
Valentin,0.0145
Ariana,0.014333333
Carine,0.014333333
Susan,0.014333333
Emmy,0.014333333
Katherine,0.014333333
Tomasz,0.014333333
Regina,0.014166667
Walid,0.014166667
Danny,0.014166667
Ilyas,0.014166667
Jamal,0.014166667
Omid,0.014166667
Edda,0.014
Mehmet,0.014
Abdallah,0.014
Eilif,0.014
Mika,0.013833333
Mikolaj,0.013833333
Nour,0.013833333
Rahma,0.013833333
Agathe,0.013666667
Katrina,0.013666667
Marwa,0.013666667
Farhad,0.013666667
Khalil,0.013666667
Catherine,0.0135
Rannveig,0.0135
Solvå,0.0135
Zeinab,0.0135
Carlos,0.0135
Britt,0.013333333
Emine,0.013333333
Helin,0.013333333
Ragne,0.013333333
Sylvia,0.013333333
Emmanuel,0.013333333
Mons,0.013333333
Alba,0.013166667
Nelly,0.013166667
Anne-Marie,0.013166667
Eivor,0.013
Nikola,0.013
Thora,0.013
Dawit,0.013
Stephan,0.013
Willy,0.013
Emely,0.012833333
Hennie,0.012833333
Melanie,0.012833333
Andres,0.012833333
Hussain,0.012833333
Mike,0.012833333
Niels,0.012833333
Skjalg,0.012833333
Sten,0.012833333
Storm,0.012833333
Isa,0.012666667
Kate,0.012666667
Samantha,0.012666667
Allan,0.012666667
Colin,0.012666667
Luka,0.012666667
Rino,0.012666667
Lennart,0.0125
Paulius,0.0125
Marija,0.0125
Abdulrahman,0.0125
Troy,0.0125
Kornelius,0.012333333
Alicia,0.012333333
Cristina,0.012333333
Hildegunn,0.012333333
Ingebrigt,0.012333333
Kristen,0.012333333
Dagny,0.012166667
Enya,0.012166667
Gine,0.012166667
Borgar,0.012166667
Hamid,0.012166667
Louis,0.012166667
Hamdi,0.012
Rabia,0.012
Sahar,0.012
Wiktor,0.012
Asha,0.012
Justyna,0.012
Ann-Kristin,0.011833333
Rina,0.011833333
Marcel,0.011833333
Ryan,0.011833333
Evy,0.011833333
Jorid,0.011666667
Esten,0.011666667
Paal,0.011666667
Elle,0.011666667
Kelly,0.011666667
Diego,0.011666667
Kurt,0.011666667
Martynas,0.011666667
Nathan,0.011666667
Emina,0.0115
Nada,0.0115
Viktorija,0.0115
Ammar,0.0115
Filippa,0.011333333
Fiona,0.011333333
Hiba,0.011333333
Izabela,0.011333333
Rania,0.011333333
Rosa,0.011333333
Wenche,0.011333333
Faisal,0.011333333
Thorstein,0.011333333
Christel,0.011166667
Lucia,0.011166667
Elling,0.011166667
Igor,0.011166667
Karol,0.011166667
Leonardo,0.011166667
Emilio,0.011
Pelle,0.011
Gintare,0.010833333
Sølv,0.010833333
Tia,0.010833333
Ole-Christian,0.010833333
Aase,0.010666667
Jenni,0.010666667
Sharon,0.010666667
Deividas,0.010666667
Wojciech,0.010666667
Annbjør,0.0105
Ayse,0.0105
Celia,0.0105
Yngvild,0.0105
Luca,0.0105
Haavard,0.010333333
Jaran,0.010333333
Lavrans,0.010333333
Roald,0.010333333
Hanan,0.010166667
Hermine,0.010166667
Saga,0.010166667
Thilde,0.010166667
Abraham,0.010166667
Imre,0.010166667
Krzysztof,0.010166667
Rudi,0.010166667
Hala,0.01
Irma,0.01
Olaug,0.01
Thelma,0.01
Florian,0.01
Marcin,0.01
Torger,0.01
Catrine,0.009833333
Toril,0.009833333
Hogne,0.009833333
Ieva,0.009833333
Jelena,0.009833333
Amanuel,0.009833333
Carsten,0.009833333
Eirill,0.009666667
Lilja,0.009666667
Abigail,0.009666667
Aylin,0.009666667
Sadia,0.009666667
Valeria,0.009666667
Edwin,0.009666667
Anne-Sofie,0.0095
Bushra,0.0095
Dana,0.0095
Grace,0.0095
Sabine,0.0095
Vida,0.0095
Eilert,0.0095
Imran,0.0095
Brit,0.009333333
Hilda,0.009333333
Arvin,0.009333333
Gisle,0.009333333
Aud,0.009166667
Eir,0.009166667
Zoe,0.009166667
Justin,0.009166667
Vivi,0.009
Nataniel,0.009
Antonia,0.009
Carla,0.009
Eilin,0.009
Othilie,0.009
Ole-Jørge,0.009
Bodil,0.008833333
Cindy,0.008833333
Torill,0.008833333
Vilma,0.008833333
Adil,0.008833333
Emir,0.008833333
Torkil,0.008833333
Agnieszka,0.008833333
Kjerstin,0.008833333
Tatjana,0.008833333
Conrad,0.008666667
Edgar,0.008666667
Karim,0.008666667
Ann-Helen,0.008666667
Unni,0.008666667
Eden,0.0085
Huda,0.0085
Amar,0.0085
Bent,0.0085
Silvia,0.0085
Gitte,0.008333333
Liza,0.008333333
Ranveig,0.008333333
Ruta,0.008333333
Hallgeir,0.008333333
Przemyslaw,0.008333333
Rami,0.008333333
Angelina,0.008166667
Farah,0.008166667
Fillip,0.008166667
Karolis,0.008166667
Malik,0.008166667
Milan,0.008166667
Åge,0.008166667
Deborah,0.008
Eilen,0.008
Elinor,0.008
Emilija,0.008
Leyla,0.008
Selam,0.008
Aleksandar,0.008
Amer,0.008
Marek,0.008
Adelina,0.007833333
Ingvil,0.007833333
Abbas,0.007833333
Cristian,0.007833333
Hjalmar,0.007833333
Jan-Erik,0.007833333
Miguel,0.007833333
Svend,0.007833333
Svenn,0.007833333
Aline,0.007666667
Lykke,0.007666667
Marian,0.007666667
Sidra,0.007666667
Ahmet,0.007666667
Torvald,0.007666667
Seyed,0.0075
Anny,0.007333333
Herborg,0.007166667
Lily,0.007166667
Otilie,0.007166667
Adel,0.007166667
Matheus,0.007166667
Salman,0.007166667
Stephen,0.007166667
Yahya,0.007166667
Eiril,0.007
Gyda,0.007
Lin,0.007
Jonny,0.007
Marc,0.007
Samson,0.007
Vladimir,0.007
Gunvor,0.007
Matilda,0.007
Esben,0.007
Jomar,0.007
Rafael,0.007
Gudrun,0.006833333
Charlie,0.006833333
Jason,0.006833333
Gjertrud,0.006666667
Medina,0.006666667
Shirin,0.006666667
Hadi,0.006666667
Halfdan,0.006666667
Pedro,0.006666667
Lilli,0.006666667
Leni,0.0065
Olea,0.0065
Abdulkadir,0.0065
Andrei,0.0065
Anwar,0.0065
Gorm,0.0065
Werner,0.0065
Liliana,0.006333333
Halima,0.006333333
Charles,0.006333333
Dominic,0.006166667
Eldar,0.006166667
Frid,0.006166667
Ari,0.006166667
Barbro,0.006
Michaela,0.006
Ronald,0.006
Maylen,0.005833333
Matas,0.005833333
Sigvart,0.005833333
Toni,0.005833333
Amalia,0.005666667
Bella,0.005666667
Elma,0.005666667
Lucy,0.005666667
Vilje,0.005666667
Bjørn-Eri,0.005666667
Haldor,0.005666667
Milos,0.005666667
Reza,0.005666667
Janicke,0.0055
Tilla,0.0055
Vigdis,0.0055
Bruno,0.0055
Francisco,0.0055
Harry,0.0055
Kian,0.005333333
Thanh,0.005333333
Viola,0.005166667
Roman,0.005166667
Ilona,0.005
Ngoc,0.005
Rahel,0.005
Saba,0.005
Claus,0.005
Ole-Petter,0.005
Jamila,0.004833333
Idris,0.004833333
Thuy,0.004833333
Wendy,0.004833333
Falk,0.004833333
Ingvar,0.004833333
Matteo,0.004833333
Solrun,0.004666667
Tordis,0.004666667
Alejandro,0.004666667
Bernard,0.004666667
Grzegorz,0.004666667
Hulda,0.004666667
Ingjerd,0.004666667
Norunn,0.004666667
Aneta,0.0045
Barbara,0.0045
Janita,0.0045
Mathilda,0.0045
Solvor,0.0045
Svanhild,0.0045
Tatiana,0.0045
Teresa,0.0045
Aram,0.0045
Dariusz,0.0045
Ingve,0.0045
Mikail,0.0045
Tor-Erik,0.0045
Fatemeh,0.004333333
Torhild,0.004333333
Wanja,0.004333333
Noel,0.004333333
Hilmar,0.004333333
Anne-Lise,0.004166667
Asta,0.004166667
Ava,0.004166667
Katrin,0.004166667
Margarita,0.004166667
Siham,0.004166667
Aasmund,0.004166667
Arnfinn,0.004166667
Elliot,0.004166667
Glen,0.004166667
Hans-Petter,0.004166667
Jahn,0.004166667
Jonah,0.004166667
Kato,0.004166667
Malvin,0.004166667
Marvin,0.004166667
Minh,0.004166667
Pavel,0.004166667
Ricardo,0.004166667
Sture,0.004166667
Toralf,0.004166667
Torfinn,0.004166667
Belinda,0.004
Gerda,0.004
Vibecke,0.004
Adelen,0.003833333
Arnstein,0.003833333
Gerhard,0.003833333
Isa,0.003833333
Alexandru,0.003666667
Linas,0.003666667
Rafal,0.003666667
Tadas,0.003666667
Torkild,0.003666667
Torleif,0.003666667
Ulf,0.003666667
Alisa,0.0035
Ayman,0.0035
Edith,0.003333333
Renathe,0.003333333
Kolbjør,0.003166667
Steffan,0.003166667
Tom-Erik,0.003166667
Kira,0.003
Rut,0.003
Synøv,0.003
Ewa,0.002833333
Ma,0.002833333
Malika,0.002833333
Sylwia,0.002833333
Edin,0.002833333
Francis,0.002833333
Kitty,0.002666667
Mila,0.002666667
Sofija,0.002666667
Ernst,0.002666667
Joao,0.002666667
Agne,0.0025
Edle,0.0025
Ema,0.0025
Herdis,0.0025
Jorun,0.0025
Lidia,0.0025
Oksana,0.0025
Ragni,0.0025
Annelise,0.002333333
Dalia,0.002333333
Malgorzata,0.002333333
Turi,0.002333333
Arkadiusz,0.002333333
Arnold,0.002333333
Aurimas,0.002333333
Frans,0.002333333
Ingmar,0.002333333
Ingvald,0.002333333
Jorge,0.002333333
Karstein,0.002333333
Kay,0.002333333
Lyder,0.002333333
Mindaugas,0.002333333
Omer,0.002333333
Søre,0.002333333
Teo,0.002333333
Timothy,0.002333333
Viggo,0.002333333
Aileen,0.002166667
Amelie,0.002166667
Jasmina,0.002166667
Juliana,0.002166667
Margaret,0.002166667
Molly,0.002166667
Anne-Lene,0.002
Ausra,0.002
Beata,0.002
Betty,0.002
Cesilie,0.002
Christin,0.002
Cicilie,0.002
Dagmar,0.002
Ea,0.002
Edyta,0.002
Elly,0.002
Erna,0.002
Ewelina,0.002
Gerd,0.002
Gloria,0.002
Gudny,0.002
Hildur,0.002
Jill,0.002
Karla,0.002
Lilian,0.002
Lindis,0.002
Lisbet,0.002
Mariana,0.002
Mildrid,0.002
Møyfri,0.002
Norah,0.002
Othelie,0.002
Renata,0.002
Senait,0.002
Sheila,0.002
Signy,0.002
Violeta,0.002
Zofia,0.002
Baard,0.002
Gudbrand,0.002
Noa,0.002
Vilhelm,0.002
Yosef,0.002
Agnar,0.001833333
Alvin,0.001833333
Arturas,0.001833333
Aryan,0.001833333
Bengt,0.001833333
Boris,0.001833333
Darius,0.001833333
Dejan,0.001833333
Donatas,0.001833333
Eystein,0.001833333
Eyvind,0.001833333
Flemming,0.001833333
Franciszek,0.001833333
Freddy,0.001833333
Frithjof,0.001833333
Georgios,0.001833333
Gjert,0.001833333
Gudmund,0.001833333
Guttorm,0.001833333
Jann,0.001833333
Jaroslaw,0.001833333
Kamal,0.001833333
Ketil,0.001833333
Klaus,0.001833333
Leiv,0.001833333
Lorentz,0.001833333
Maksymilian,0.001833333
Manuel,0.001833333
Mateo,0.001833333
Mathis,0.001833333
Norbert,0.001833333
Roberto,0.001833333
Roland,0.001833333
Solomon,0.001833333
Steve,0.001833333
Sylwester,0.001833333
Tellef,0.001833333
Timian,0.001833333
Torleiv,0.001833333
Waldemar,0.001833333
Walter,0.001833333
Aagot,0
Aashild,0
Aasta,0
Alfhild,0
Alvhild,0
Anbjør,0
Anett,0
Anlaug,0
Ann-Christin,0
Ann-Karin,0
Ann-Mari,0
Annabelle,0
Anne-Berit,0
Anne-Britt,0
Anne-Grete,0
Anne-Grethe,0
Anne-Kari,0
Anne-Karin,0
Anne-Kristin,0
Anne-Mari,0
Anne-Marit,0
Anne-Mette,0
Anni,0
Annlaug,0
Aria,0
Arna,0
Arnhild,0
Arya,0
Asbjør,0
Audhild,0
Audny,0
Azra,0
Beathe,0
Benthe,0
Bergljot,0
Bertha,0
Birgitta,0
Borgny,0
Bozena,0
Brith,0
Brynhild,0
Cathrin,0
Dagrun,0
Daiva,0
Danuta,0
Doris,0
Dorota,0
Edit,0
Edita,0
Edna,0
Egle,0
Ekaterina,0
Elbjør,0
Eldbjør,0
Eldrid,0
Elea,0
Eleah,0
Elfrid,0
Eliana,0
Ellie,0
Elna,0
Else-Marie,0
Elsie,0
Elzbieta,0
Emmeli,0
Emmeline,0
Freya,0
Galina,0
Grazyna,0
Gretha,0
Gudveig,0
Gun,0
Gunda,0
Gunnbjør,0
Gunnlaug,0
Gunnvor,0
Haldis,0
Halldis,0
Harriet,0
Hatice,0
Hild,0
Hjørdi,0
Hong,0
Inger-Johanne,0
Inger-Lise,0
Inger-Marie,0
Ingfrid,0
Inghild,0
Ingrida,0
Ingun,0
Iren,0
Irena,0
Iryna,0
Iwona,0
Jacqueline,0
Janet,0
Janniche,0
Jette,0
Joan,0
Jofrid,0
Jolanta,0
Judit,0
Jurgita,0
Kari-Anne,0
Kathe,0
Kathrin,0
Kerstin,0
Kjellaug,0
Kjellfrid,0
Kjellrun,0
Kristel,0
Krystyna,0
Lajla,0
Larisa,0
Leikny,0
Leona,0
Liana,0
Liss,0
Livia,0
Liz,0
Magda,0
Magna,0
Magni,0
Magny,0
Mai-Britt,0
Maj,0
Malak,0
Margareth,0
Margot,0
Margun,0
Margunn,0
Mari-Ann,0
Marry,0
Mary-Ann,0
Marzena,0
May-Britt,0
May-Liss,0
Målfri,0
Nellie,0
Norma,0
Nova,0
Oddbjør,0
Oddlaug,0
Oddny,0
Oddrun,0
Oddveig,0
Olava,0
Olena,0
Peggy,0
Phuong,0
Rana,0
Rasa,0
Reidunn,0
Renee,0
Rigmor,0
Rønnau,0
Safia,0
Saima,0
Sanja,0
Savannah,0
Sidsel,0
Sienna,0
Sigfrid,0
Sigrunn,0
Snefrid,0
Solbjør,0
Solgunn,0
Svetlana,0
Sylvi,0
Thanh,0
Thu,0
Torbjør,0
Torgunn,0
Torild,0
Torun,0
Trine-Lise,0
Ulla,0
Unn,0
Urszula,0
Vaida,0
Valborg,0
Venche,0
Venke,0
Wenke,0
Wigdis,0
Ågot,0
Åslaug,0
Aage,0
Adem,0
Aiden,0
Ailo,0
Aleksandr,0
Aleksandrs,0
Alv,0
Andrej,0
Andris,0
Andrius,0
Andrzej,0
Annar,0
Ansgar,0
Antoni,0
Arn,0
Arnulf,0
Arunas,0
Arvydas,0
Asmund,0
Audrius,0
Benny,0
Bertil,0
Bjørg,0
Bogdan,0
Boguslaw,0
Brynjulf,0
Børr,0
Caspian,0
Christen,0
Claes,0
Constantin,0
Dagfinn,0
Dainius,0
Dragan,0
Eddie,0
Edmund,0
Egidijus,0
Eigil,0
Eliah,0
Emilian,0
Emrik,0
Evald,0
Evaldas,0
Fernando,0
Frits,0
Fritz,0
Gediminas,0
Gert,0
Giedrius,0
Gintaras,0
Goran,0
Gunvald,0
Hallstein,0
Helmer,0
Henryk,0
Hermod,0
Holger,0
Ingolf,0
Ireneusz,0
Ivo,0
Jacek,0
Janis,0
Janusz,0
Jerzy,0
Jonn,0
Jozef,0
Jør,0
Kaare,0
Kaj,0
Kazimierz,0
Kestutis,0
Leszek,0
Marian,0
Mariusz,0
Matheo,0
Melvin,0
Milian,0
Mio,0
Miroslav,0
Miroslaw,0
Narve,0
Natan,0
Neo,0
Nerijus,0
Normann,0
Norvald,0
Oddgeir,0
Oddleif,0
Oddmund,0
Oddvin,0
Olivier,0
Osvald,0
Per-Arne,0
Per-Erik,0
Radoslaw,0
Ragnvald,0
Rainer,0
Ramunas,0
Rayan,0
Robertas,0
Rolandas,0
Rolv,0
Ronnie,0
Rudolf,0
Ryszard,0
Salah,0
Saleh,0
Saulius,0
Selmer,0
Sigfred,0
Sigvald,0
Silas,0
Slawomir,0
Stanislaw,0
Svein-Erik,0
Tadeusz,0
Ted,0
Thore,0
Thorleif,0
Tonny,0
Tor-Arne,0
Torodd,0
Tron,0
Tønne,0
Vaidas,0
Van,0
Varg,0
Villy,0
Vytautas,0
Widar,0
Wieslaw,0
Wiggo,0
Wilmer,0
Yngvar,0
Zbigniew,0
Zoran,0
Øistein,0
Ørnulf,0
